Workbook

Sheet README
A1: StayWise Scenario Model
A2: Purpose | B2: Evaluate cancellation, ADR, occupancy, and channel-mix interventions.
A3: Source | B3: Generated from StayWise public hotel booking data plus synthetic operating context.
A4: Input convention | B4: Blue text with yellow fill marks user-changeable assumptions.
A5: Formula convention | B5: Scenario calculations use Excel formulas so the model remains editable.

Sheet Control Panel
A1: StayWise Scenario Control Panel
A2: Input | B2: Value | C2: Notes
A3: Cancellation reduction | B3: 0.05 | C3: Blue/yellow inputs are scenario assumptions
A4: ADR uplift | B4: 0.03 | C4: User can change this assumption
A5: Occupancy uplift | B5: 0.02 | C5: User can change this assumption
A6: Channel mix improvement | B6: 0.04 | C6: Share of commission cost that can be reduced
A7: Base realized revenue | B7: ='Base Metrics'!B2 | C7: Linked from Base Metrics
A8: Base lost revenue | B8: ='Base Metrics'!B4 | C8: Linked from Base Metrics
A9: Base commission cost | B9: ='Base Metrics'!B9 | C9: Linked from Base Metrics

Sheet Base Metrics
A1: Metric | B1: Value | C1: Source / Definition
A2: Realized Revenue | B2: 29064011 | C2: Stay revenue plus retained cancellation fee revenue
A3: Stay Revenue | B3: 25996324 | C3: Room revenue from non-canceled stays
A4: Potential Revenue | B4: 42723561 | C4: All booking value before cancellation loss
A5: Lost Revenue | B5: 13659551 | C5: Canceled booking value after deposit recovery
A6: Net Revenue | B6: 24677692 | C6: Realized revenue less estimated channel commission
A7: Cancellation Rate | B7: 0.3704 | C7: Canceled bookings / total bookings
A8: Occupancy Rate | B8: 0.4432 | C8: Realized room nights / available room nights
A9: Commission Cost | B9: 4386314.9 | C9: Estimated channel cost from synthetic rates
A10: Cancellation Fee Revenue | B10: 3067686.4 | C10: Synthetic retained cancellation fee from deposit rules
A11: RevPAR | B11: 50.37 | C11: Realized revenue / available room nights
A12: Net RevPAR | B12: 42.77 | C12: Net revenue / available room nights

Sheet Scenarios
A1: Scenario | B1: Cancellation Reduction | C1: ADR Uplift | D1: Occupancy Uplift | E1: Channel Mix Improvement | F1: Recovered Revenue | G1: ADR Impact | H1: Occupancy Impact | I1: Channel Cost Savings | J1: Total Incremental Revenue | K1: New Revenue | L1: Revenue Lift
A2: Base | B2: 0 | C2: 0 | D2: 0 | E2: 0 | F2: ='Base Metrics'!$B$5*B2 | G2: ='Base Metrics'!$B$2*C2 | H2: ='Base Metrics'!$B$2*D2 | I2: ='Base Metrics'!$B$9*E2 | J2: =SUM(F2:I2) | K2: ='Base Metrics'!$B$2+J2 | L2: =J2/'Base Metrics'!$B$2
A3: Conservative | B3: 0.03 | C3: 0.01 | D3: 0.01 | E3: 0.02 | F3: ='Base Metrics'!$B$5*B3 | G3: ='Base Metrics'!$B$2*C3 | H3: ='Base Metrics'!$B$2*D3 | I3: ='Base Metrics'!$B$9*E3 | J3: =SUM(F3:I3) | K3: ='Base Metrics'!$B$2+J3 | L3: =J3/'Base Metrics'!$B$2
A4: Expected | B4: 0.05 | C4: 0.03 | D4: 0.02 | E4: 0.04 | F4: ='Base Metrics'!$B$5*B4 | G4: ='Base Metrics'!$B$2*C4 | H4: ='Base Metrics'!$B$2*D4 | I4: ='Base Metrics'!$B$9*E4 | J4: =SUM(F4:I4) | K4: ='Base Metrics'!$B$2+J4 | L4: =J4/'Base Metrics'!$B$2
A5: Aggressive | B5: 0.08 | C5: 0.05 | D5: 0.04 | E5: 0.07 | F5: ='Base Metrics'!$B$5*B5 | G5: ='Base Metrics'!$B$2*C5 | H5: ='Base Metrics'!$B$2*D5 | I5: ='Base Metrics'!$B$9*E5 | J5: =SUM(F5:I5) | K5: ='Base Metrics'!$B$2+J5 | L5: =J5/'Base Metrics'!$B$2

Sheet Sensitivity
A1: ADR Uplift \ Cancellation Reduction | B1: 0.02 | C1: 0.04 | D1: 0.06 | E1: 0.08 | F1: 0.1
A2: 0 | B2: ='Base Metrics'!$B$5*B$1+'Base Metrics'!$B$2*$A2 | C2: ='Base Metrics'!$B$5*C$1+'Base Metrics'!$B$2*$A2 | D2: ='Base Metrics'!$B$5*D$1+'Base Metrics'!$B$2*$A2 | E2: ='Base Metrics'!$B$5*E$1+'Base Metrics'!$B$2*$A2 | F2: ='Base Metrics'!$B$5*F$1+'Base Metrics'!$B$2*$A2
A3: 0.01 | B3: ='Base Metrics'!$B$5*B$1+'Base Metrics'!$B$2*$A3 | C3: ='Base Metrics'!$B$5*C$1+'Base Metrics'!$B$2*$A3 | D3: ='Base Metrics'!$B$5*D$1+'Base Metrics'!$B$2*$A3 | E3: ='Base Metrics'!$B$5*E$1+'Base Metrics'!$B$2*$A3 | F3: ='Base Metrics'!$B$5*F$1+'Base Metrics'!$B$2*$A3
A4: 0.02 | B4: ='Base Metrics'!$B$5*B$1+'Base Metrics'!$B$2*$A4 | C4: ='Base Metrics'!$B$5*C$1+'Base Metrics'!$B$2*$A4 | D4: ='Base Metrics'!$B$5*D$1+'Base Metrics'!$B$2*$A4 | E4: ='Base Metrics'!$B$5*E$1+'Base Metrics'!$B$2*$A4 | F4: ='Base Metrics'!$B$5*F$1+'Base Metrics'!$B$2*$A4
A5: 0.03 | B5: ='Base Metrics'!$B$5*B$1+'Base Metrics'!$B$2*$A5 | C5: ='Base Metrics'!$B$5*C$1+'Base Metrics'!$B$2*$A5 | D5: ='Base Metrics'!$B$5*D$1+'Base Metrics'!$B$2*$A5 | E5: ='Base Metrics'!$B$5*E$1+'Base Metrics'!$B$2*$A5 | F5: ='Base Metrics'!$B$5*F$1+'Base Metrics'!$B$2*$A5
A6: 0.04 | B6: ='Base Metrics'!$B$5*B$1+'Base Metrics'!$B$2*$A6 | C6: ='Base Metrics'!$B$5*C$1+'Base Metrics'!$B$2*$A6 | D6: ='Base Metrics'!$B$5*D$1+'Base Metrics'!$B$2*$A6 | E6: ='Base Metrics'!$B$5*E$1+'Base Metrics'!$B$2*$A6 | F6: ='Base Metrics'!$B$5*F$1+'Base Metrics'!$B$2*$A6
A7: 0.05 | B7: ='Base Metrics'!$B$5*B$1+'Base Metrics'!$B$2*$A7 | C7: ='Base Metrics'!$B$5*C$1+'Base Metrics'!$B$2*$A7 | D7: ='Base Metrics'!$B$5*D$1+'Base Metrics'!$B$2*$A7 | E7: ='Base Metrics'!$B$5*E$1+'Base Metrics'!$B$2*$A7 | F7: ='Base Metrics'!$B$5*F$1+'Base Metrics'!$B$2*$A7

Sheet Intervention Backlog
A1: Rank | B1: Opportunity | C1: Bookings | D1: Cancellation Rate | E1: Lost Revenue | F1: Recoverable Revenue | G1: Recommended Intervention
A2: 1 | B2: Resort Hotel | Online TA | TA/TO | 181+ days | C2: 2593 | D2: 0.5677 | E2: 1195973.7 | F2: 153351.17 | G2: Pilot staged deposit or reconfirmation workflow for high-lead OTA bookings
A3: 2 | B3: City Hotel | Online TA | TA/TO | 31-90 days | C3: 11728 | D3: 0.3973 | E3: 1922646.8 | F3: 115358.81 | G3: Shift demand toward direct booking offer and loyalty capture
A4: 3 | B4: City Hotel | Online TA | TA/TO | 91-180 days | C4: 9414 | D4: 0.4302 | E4: 1845763.3 | F4: 110745.8 | G4: Pilot staged deposit or reconfirmation workflow for high-lead OTA bookings
A5: 4 | B5: City Hotel | Online TA | TA/TO | 181+ days | C5: 4874 | D5: 0.5178 | E5: 1120106.1 | F5: 107341.78 | G5: Pilot staged deposit or reconfirmation workflow for high-lead OTA bookings
A6: 5 | B6: Resort Hotel | Online TA | TA/TO | 91-180 days | C6: 3801 | D6: 0.4828 | E6: 1326098.6 | F6: 96842.88 | G6: Pilot staged deposit or reconfirmation workflow for high-lead OTA bookings
A7: 6 | B7: City Hotel | Online TA | TA/TO | 8-30 days | C7: 7620 | D7: 0.3446 | E7: 1098831 | F7: 65929.86 | G7: Shift demand toward direct booking offer and loyalty capture
A8: 7 | B8: Resort Hotel | Online TA | TA/TO | 31-90 days | C8: 4675 | D8: 0.3959 | E8: 1038895.6 | F8: 62333.74 | G8: Shift demand toward direct booking offer and loyalty capture
A9: 8 | B9: City Hotel | Groups | TA/TO | 181+ days | C9: 4377 | D9: 1 | E9: 124453.94 | F9: 43558.88 | G9: Create resale and capacity-recapture workflow for canceled non-refundable inventory
A10: 9 | B10: City Hotel | Offline TA/TO | TA/TO | 181+ days | C10: 2249 | D10: 0.9996 | E10: 87111.09 | F10: 30488.88 | G10: Create resale and capacity-recapture workflow for canceled non-refundable inventory
A11: 10 | B11: City Hotel | Groups | TA/TO | 91-180 days | C11: 1699 | D11: 1 | E11: 79151.43 | F11: 27703 | G11: Create resale and capacity-recapture workflow for canceled non-refundable inventory
